Feature_1,Feature_2,Feature_3,Feature_4,Feature_5
0.6378170547293026,0.30342239019891337,0.5442117578217298,0.47265422206511165,0.8708016651411946
0.3734152538831066,0.6919233452294842,0.7508215060083793,0.7962838027462052,0.2578791696744709
0.9422814639222351,0.44268986271696054,0.4855532790419388,0.5631947314679608,0.5719231653296959
0.7667048824800948,0.19946748429359906,0.9040835281475808,0.8884632105849977,0.056545763195062215
0.36761610696644786,0.788796039087197,0.3597721031336686,0.5163158694662294,0.15697937962336916
